sally@xamcrm.onmicrosoft.com,P@ssword
greg.baine@xamcrm.onmicrosoft.com,maaTisse1
scott.rexroad@xamcrm.onmicrosoft.com,4286Nofa
parker.rollins@xamcrm.onmicrosoft.com,3291Hulo
jennifer.taylor@xamcrm.onmicrosoft.com,4124Magu
wendy.reese@xamcrm.onmicrosoft.com,9833Gaca
sandra.hamilton@xamcrm.onmicrosoft.com,9745Vaxa
lyndon.lutz@xamcrm.onmicrosoft.com,1216Rahu
julio.delgado@xamcrm.onmicrosoft.com,Sock0007
diane.loftus@xamcrm.onmicrosoft.com,Pant6699
samuel.hernandez@xamcrm.onmicrosoft.com,Shoe4242
rosa.terry@xamcrm.onmicrosoft.com,Yoda1980
dorothy.schumacher@xamcrm.onmicrosoft.com,Luke1983
dustin.thompson@xamcrm.onmicrosoft.com,hanS1977
mary.oldham@xamcrm.onmicrosoft.com,R2D2c3p0
dean.mcgraw@xamcrm.onmicrosoft.com,Hovu9694
melissa.wilson@xamcrm.onmicrosoft.com,Jofu2159
thomas.polk@xamcrm.onmicrosoft.com,Zudu6672
cynthia.belville@xamcrm.onmicrosoft.com,Quhu4707
susanna.reilly@xamcrm.onmicrosoft.com,Laku8187
carlos.martin@xamcrm.onmicrosoft.com,Poto2461
serena.johnson@xamcrm.onmicrosoft.com,Rabu0360
tina.shea@xamcrm.onmicrosoft.com,mzmzMr515
lee.stanford@xamcrm.onmicrosoft.com,Toplqw12
joyce.walsh@xamcrm.onmicrosoft.com,uhNijM32
herbert.ramirez@xamcrm.onmicrosoft.com,Fghjjj09
